codigo_docente,nome_docente
5607659,Marcelo Arno Nerling
5607659,Marcelo Arno Nerling
2373511,Rogério Monteiro de Siqueira
1916087,Thomás Augusto Santoro Haddad
1887012,Wagner Pralon Mancuso
5830822,Alessandro Soares da Silva
191432,Eduardo de Lima Caldas
1329307,Martin Jayo
4845650,Edegar Luís Tomazzoni
224372,Eunice Almeida da Silva
224372,Eunice Almeida da Silva
2945554,Glauber Eduardo de Oliveira Santos
6206615,Beatriz Helena Fonseca Ferreira Pires
1284483,Marcelo Vilela de Almeida
1451426,Marcelo Antunes Nolasco
2566012,Isabel Cristina Italiano
2566012,Isabel Cristina Italiano
2566012,Isabel Cristina Italiano
5523701,Ivandre Paraboni
5523701,Ivandre Paraboni
11698862,Mariana Bueno de Andrade Matos
978554,José Ribamar dos Santos Ferreira Júnior
2319983,Maria Luisa Trindade Bestetti
1001570,Luís César Schiesari
1823410,Sérgio Almeida Pacca
2245911,Cristiano Mazur Chiessi
5976982,Deusivania Vieira da Silva Falcão
3193721,Jefferson Agostini Mello
1771910,Sumaia Abdel Latif
500432,Alexandre Ribeiro Leichsenring
191432,Eduardo de Lima Caldas
5333863,Patrícia Maria Emerenciano de Mendonça
191432,Eduardo de Lima Caldas
1051844,Fernando de Souza Coelho
885940,Jose Carlos Vaz
5333863,Patrícia Maria Emerenciano de Mendonça
309946,Cecilia Olivieri
494026,Cristiane Kerches da Silva Leite
2949346,Renata Mirandola Bichir
1987427,Wagner Tadeu Iglecias
309946,Cecilia Olivieri
494026,Cristiane Kerches da Silva Leite
2949346,Renata Mirandola Bichir
1987427,Wagner Tadeu Iglecias
3140792,Luciano Antonio Digiampietri
1771910,Sumaia Abdel Latif
1823410,Sérgio Almeida Pacca
627660,Alexandre Toshiro Igari
1754921,Rosane Rivera Torres
1771910,Sumaia Abdel Latif
3397833,Marcelo Ventura Freire
1771910,Sumaia Abdel Latif
5057080,Marcelo Medeiros Eler
1364328,Marcelo Morandini
3399922,Marcos Lordello Chaim
1315570,Patricia Cristina Baleeiro Beltrao Braga
5856870,Edmur Antonio Stoppa
3755807,Stephane Remy Georges Malysse
131031,Edemilson Antunes de Campos
131031,Edemilson Antunes de Campos
5347191,Silgia Aparecida da Costa
597730,Cassio de Miranda Meira Junior
5033416,Claudia Regina Garcia Vicentini
3193721,Jefferson Agostini Mello
465955,Dária Gorete Jaremtchuk
564671,Adriano Schwartz
770448,Luis Paulo de Carvalho Piassi
2166145,Antonio Takao Kanamaru
5981856,Valéria Cazetta
1032901,Fabiana de Sant'Anna Evangelista
3021642,Felipe Santiago Chambergo Alcalde
4881727,Flávio de Oliveira Pires
1032901,Fabiana de Sant'Anna Evangelista
4881727,Flávio de Oliveira Pires
2796301,Jacqueline Isaac Machado Brigagão
556504,Andrea Lopes
1846019,Rosemeire Sartori de Albuquerque
5614629,Christiane Borges do Nascimento Chofakian
5042952,Marlise de Oliveira Pimentel Lima
2343664,Roselane Gonçalves
3265791,Patrícia Wottrich Parenti
52624,Maria Aparecida de Jesus Belli
3248899,Adriana Caroci Becker
595151,Angela Megumi Ochiai
2507882,Natalucia Matos Araújo de Carvalho
2796301,Jacqueline Isaac Machado Brigagão
1846019,Rosemeire Sartori de Albuquerque
2872716,Diego Antonio Falceta Gonçalves
1738717,Roberto Pereira Ortiz
1738717,Roberto Pereira Ortiz
2872716,Diego Antonio Falceta Gonçalves
1738717,Roberto Pereira Ortiz
2320046,Marilia Velardi
3372766,Michele Schultz Ramos
6261191,Fernando Henrique Magalhães
4811304,Marco Antonio Bettine de Almeida
4880153,Verónica Marcela Guridi
1112111,Jaime Crozatti
2558886,Dib Karam Junior
5618039,Thais Bento Lima da Silva
1364328,Marcelo Morandini
3071663,Evandro Mateus Moretto
1161555,Francisco Luciano Pontes Junior
6092342,Ruth Caldeira de Melo
734621,Fátima de Lourdes dos Santos Nunes Marques
5095110,José de Jesus Pérez Alcazár
3200072,Luciano Vieira de Araújo
734621,Fátima de Lourdes dos Santos Nunes Marques
5095110,José de Jesus Pérez Alcazár
3200072,Luciano Vieira de Araújo
5347191,Silgia Aparecida da Costa
3207980,Sirlene Maria da Costa
5347191,Silgia Aparecida da Costa
3207980,Sirlene Maria da Costa
5528582,Leonardo Dias Meireles
1538291,Marcos Ryotaro Hara
978554,José Ribamar dos Santos Ferreira Júnior
655501,Andrea Viude Castanho
131031,Edemilson Antunes de Campos
9406670,Diego Mauricio Riaño Pachón
1596950,Patrícia Rufino Oliveira
264631,Carla Romano Taddei
1315570,Patricia Cristina Baleeiro Beltrao Braga
799735,Luiz Paulo Moura Andrioli
3164916,Tiago Mauricio Francoy
3021642,Felipe Santiago Chambergo Alcalde
1538519,Patricia Targon Campana
3164916,Tiago Mauricio Francoy
799735,Luiz Paulo Moura Andrioli
3164916,Tiago Mauricio Francoy
1391402,Mario Pedrazzoli Neto
556504,Andrea Lopes
75706,Luiz Silveira Menna Barreto
3021642,Felipe Santiago Chambergo Alcalde
799735,Luiz Paulo Moura Andrioli
3164916,Tiago Mauricio Francoy
75706,Luiz Silveira Menna Barreto
3372766,Michele Schultz Ramos
5528582,Leonardo Dias Meireles
889774,Luis Mochizuki
2181970,Ulysses Fernandes Ervilha
889774,Luis Mochizuki
2181970,Ulysses Fernandes Ervilha
1619061,Miriam Sannomiya
5729116,Tânia Araújo Viel
5729116,Tânia Araújo Viel
6630800,Eutimio Gustavo Fernández Núñez
978554,José Ribamar dos Santos Ferreira Júnior
6630800,Eutimio Gustavo Fernández Núñez
978554,José Ribamar dos Santos Ferreira Júnior
2872716,Diego Antonio Falceta Gonçalves
3021642,Felipe Santiago Chambergo Alcalde
2355031,Rodrigo Hirata Willemart
5729116,Tânia Araújo Viel
4983370,Viviane Abreu Nunes Cerqueira Dantas
2037300,Ruth Hitomi Osava
3021642,Felipe Santiago Chambergo Alcalde
4983370,Viviane Abreu Nunes Cerqueira Dantas
1349898,Maria Silvia Barros de Held
309946,Cecilia Olivieri
1771910,Sumaia Abdel Latif
618281,Antonio Calixto de Souza Filho
1738717,Roberto Pereira Ortiz
1780347,Rosana Retsos Signorelli Vargas
2159731,Claudia Inés Garcia
3082508,Helton Hideraldo Biscaro
2243307,Masayuki Oka Hase
618281,Antonio Calixto de Souza Filho
1738717,Roberto Pereira Ortiz
1780347,Rosana Retsos Signorelli Vargas
3764294,Alexandre Ferreira Ramos
2159731,Claudia Inés Garcia
2243307,Masayuki Oka Hase
618281,Antonio Calixto de Souza Filho
7029901,Grzegorz Kowal
2373511,Rogério Monteiro de Siqueira
1780347,Rosana Retsos Signorelli Vargas
6600021,Sonia Regina Paulino
314719,Ângela Maria Machado de Lima Hutchison
2009222,Victor Velazquez Fernandez
1661344,Wânia Duleba
1987427,Wagner Tadeu Iglecias
6631565,Carlos Alcides Salles
1606310,Paulo Rogério Miranda Correia
2373511,Rogério Monteiro de Siqueira
1916087,Thomás Augusto Santoro Haddad
4880153,Verónica Marcela Guridi
2009222,Victor Velazquez Fernandez
3416847,Humberto Miguel Garay Malpartida
799735,Luiz Paulo Moura Andrioli
1538291,Marcos Ryotaro Hara
1409522,Maria Elena Infante Malachias
1619061,Miriam Sannomiya
2341766,Carlos Molina Mendes
2872716,Diego Antonio Falceta Gonçalves
770448,Luis Paulo de Carvalho Piassi
463504,Celi Rodrigues Chaves Dominguez
889774,Luis Mochizuki
2181970,Ulysses Fernandes Ervilha
2181970,Ulysses Fernandes Ervilha
2166145,Antonio Takao Kanamaru
5530115,George Bedinelli Rossi
1603428,Miguel Angelo Hemzo
236942,Andrea Leite Rodrigues
627660,Alexandre Toshiro Igari
1882514,Sylmara Lopes Francelino Gonçalves Dias
1048221,Fábio Nakano
734621,Fátima de Lourdes dos Santos Nunes Marques
2933241,Flávio Luiz Coutinho
5603568,Candido Ferreira Xavier de Mendonça Neto
3082508,Helton Hideraldo Biscaro
3286158,Daniel de Angelis Cordeiro
2933241,Flávio Luiz Coutinho
1875968,Regis Rossi Alves Faria
1875968,Regis Rossi Alves Faria
1349898,Maria Silvia Barros de Held
655501,Andrea Viude Castanho
2065862,Sandra Lucia Amaral de Assis Reimão
1051844,Fernando de Souza Coelho
980651,Jorge Alberto Silva Machado Villanueva
1329307,Martin Jayo
1948868,Vivian Grace Fernandez Davila Urquidi
196611,Adriana Pedrosa Biscaia Tufaile
106172,Alberto Tufaile
138953,Carla Morsello
654070,Ariane Machado Lima
5765142,André Fontan Kohler
1112111,Jaime Crozatti
1945163,Roberto Vatan dos Santos
191432,Eduardo de Lima Caldas
1112111,Jaime Crozatti
6261191,Fernando Henrique Magalhães
6206615,Beatriz Helena Fonseca Ferreira Pires
597730,Cassio de Miranda Meira Junior
2342260,Marcelo Massa
3164916,Tiago Mauricio Francoy
161192,Beatriz Aparecida Ozello Gutierrez
5614629,Christiane Borges do Nascimento Chofakian
222018,Dora Mariela Salcedo Barrientos
2918077,Edna Tomiko Myiake Kato
2919791,Eliane Ribeiro
72832,Paulo Chanel Deodato de Freitas
1846019,Rosemeire Sartori de Albuquerque
556504,Andrea Lopes
161192,Beatriz Aparecida Ozello Gutierrez
5045503,Maria Cristina Pompa
864112,Luciana Maria Viviani
864112,Luciana Maria Viviani
3140792,Luciano Antonio Digiampietri
3140792,Luciano Antonio Digiampietri
1349898,Maria Silvia Barros de Held
2166145,Antonio Takao Kanamaru
1349898,Maria Silvia Barros de Held
3286158,Daniel de Angelis Cordeiro
3073748,Gisele da Silva Craveiro
7293313,Norton Trevisan Roman
918601,Luiz Carlos Beduschi Filho
191432,Eduardo de Lima Caldas
5033416,Claudia Regina Garcia Vicentini
1349898,Maria Silvia Barros de Held
4880153,Verónica Marcela Guridi
1034560,Lucy Gomes Sant Anna
6956592,Ana Carla Bliacheriene
3733052,Ester Gammardella Rizzi
5607659,Marcelo Arno Nerling
5998458,Paulo Santos de Almeida
1914262,Renato Braz Oliveira de Seixas
6956592,Ana Carla Bliacheriene
472709,David Diniz Dantas
3733052,Ester Gammardella Rizzi
5607659,Marcelo Arno Nerling
6956592,Ana Carla Bliacheriene
3733052,Ester Gammardella Rizzi
2937197,Luiz Gustavo Bambini de Assis
6956592,Ana Carla Bliacheriene
3733052,Ester Gammardella Rizzi
2937197,Luiz Gustavo Bambini de Assis
5607659,Marcelo Arno Nerling
6956592,Ana Carla Bliacheriene
3733052,Ester Gammardella Rizzi
2937197,Luiz Gustavo Bambini de Assis
5607659,Marcelo Arno Nerling
6956592,Ana Carla Bliacheriene
3733052,Ester Gammardella Rizzi
5607659,Marcelo Arno Nerling
6956592,Ana Carla Bliacheriene
3733052,Ester Gammardella Rizzi
2937197,Luiz Gustavo Bambini de Assis
5607659,Marcelo Arno Nerling
7480016,Bibiana Graeff Chagas Pinto
5128784,Juliana Hanna Leite El Ottra
5347246,Fernando Jesús Carbayo Baz
2355031,Rodrigo Hirata Willemart
770448,Luis Paulo de Carvalho Piassi
58676,Manoel Cabral de Castro
2181970,Ulysses Fernandes Ervilha
5033416,Claudia Regina Garcia Vicentini
1001570,Luís César Schiesari
2355031,Rodrigo Hirata Willemart
2355031,Rodrigo Hirata Willemart
358969,Cristina Adams
1001570,Luís César Schiesari
1252362,Paulo Antonio de Almeida Sinisgalli
1119925,Flávia Mori Sarti
1558501,Marislei Nishijima
6000623,Silvio Yoshiro Mizuguchi Miyazaki
191432,Eduardo de Lima Caldas
885940,Jose Carlos Vaz
2945554,Glauber Eduardo de Oliveira Santos
479262,Agnaldo Valentin
3031417,André Gal Mountian
1119925,Flávia Mori Sarti
161192,Beatriz Aparecida Ozello Gutierrez
2160326,Rosa Yuka Sato Chubaci
2168766,Carlos de Brito Pereira
1252362,Paulo Antonio de Almeida Sinisgalli
2184420,Luciane Meneguin Ortega Vidal
1597012,Marcos Bernardino de Carvalho
2050208,Rosely Aparecida Liguori Imbernon
7317228,Claudia Medeiros de Castro
5997291,Elizabete Franco Cruz
2796301,Jacqueline Isaac Machado Brigagão
1112111,Jaime Crozatti
5268620,Meire Cachioni
7028358,Cynthia Harumy Watanabe Correa
4966179,Juliana Pedreschi Rodrigues
1112111,Jaime Crozatti
6743581,Ursula Dias Peres
5530115,George Bedinelli Rossi
5530115,George Bedinelli Rossi
627660,Alexandre Toshiro Igari
1882514,Sylmara Lopes Francelino Gonçalves Dias
5981856,Valéria Cazetta
196611,Adriana Pedrosa Biscaia Tufaile
106172,Alberto Tufaile
2341766,Carlos Molina Mendes
2872716,Diego Antonio Falceta Gonçalves
1538519,Patricia Targon Campana
3164916,Tiago Mauricio Francoy
2558886,Dib Karam Junior
574881,Ana Paula Curi
2319983,Maria Luisa Trindade Bestetti
2184420,Luciane Meneguin Ortega Vidal
2872716,Diego Antonio Falceta Gonçalves
2184420,Luciane Meneguin Ortega Vidal
6630800,Eutimio Gustavo Fernández Núñez
3021642,Felipe Santiago Chambergo Alcalde
6630800,Eutimio Gustavo Fernández Núñez
3021642,Felipe Santiago Chambergo Alcalde
3286158,Daniel de Angelis Cordeiro
5057080,Marcelo Medeiros Eler
3399922,Marcos Lordello Chaim
5978942,Sarajane Marques Peres
3021642,Felipe Santiago Chambergo Alcalde
799735,Luiz Paulo Moura Andrioli
3164916,Tiago Mauricio Francoy
2166145,Antonio Takao Kanamaru
463504,Celi Rodrigues Chaves Dominguez
1645572,Maria Eliza Mattosinho Bernardes
4880153,Verónica Marcela Guridi
463504,Celi Rodrigues Chaves Dominguez
4880153,Verónica Marcela Guridi
723639,Luiz Gonzaga Godoi Trigo
556504,Andrea Lopes
556504,Andrea Lopes
5976982,Deusivania Vieira da Silva Falcão
1554146,Mônica Sanches Yassuda
5042952,Marlise de Oliveira Pimentel Lima
314719,Ângela Maria Machado de Lima Hutchison
2546570,Alex Antonio Florindo
655501,Andrea Viude Castanho
2340063,Helene Mariko Ueno
3785714,Alexandre Panosso Netto
2166145,Antonio Takao Kanamaru
1980660,Rita de Cássia Giraldi
5090244,Carlos Bandeira de Mello Monteiro
1791624,Reury Frank Pereira Bacurau
2342260,Marcelo Massa
3396220,Alessandro Hervaldo Nicolai Ré
889774,Luis Mochizuki
2342260,Marcelo Massa
2364827,Mariana Harumi Cruz Tsukamoto
889774,Luis Mochizuki
2191255,Ricardo Ricci Uvinha
2342260,Marcelo Massa
2364827,Mariana Harumi Cruz Tsukamoto
2364827,Mariana Harumi Cruz Tsukamoto
309946,Cecilia Olivieri
1051844,Fernando de Souza Coelho
1987427,Wagner Tadeu Iglecias
5830822,Alessandro Soares da Silva
2872716,Diego Antonio Falceta Gonçalves
4983370,Viviane Abreu Nunes Cerqueira Dantas
224372,Eunice Almeida da Silva
224372,Eunice Almeida da Silva
161192,Beatriz Aparecida Ozello Gutierrez
7480016,Bibiana Graeff Chagas Pinto
1447122,Marisa Accioly Rodrigues da Costa Domingues
1554146,Mônica Sanches Yassuda
2160326,Rosa Yuka Sato Chubaci
161192,Beatriz Aparecida Ozello Gutierrez
7480016,Bibiana Graeff Chagas Pinto
1447122,Marisa Accioly Rodrigues da Costa Domingues
1554146,Mônica Sanches Yassuda
2160326,Rosa Yuka Sato Chubaci
161192,Beatriz Aparecida Ozello Gutierrez
7480016,Bibiana Graeff Chagas Pinto
1447122,Marisa Accioly Rodrigues da Costa Domingues
1554146,Mônica Sanches Yassuda
2160326,Rosa Yuka Sato Chubaci
571262,Celia Regina Maganha e Melo
984245,Lucia Cristina Florentino Pereira da Silva
52624,Maria Aparecida de Jesus Belli
1327135,Nadia Zanon Narchi
3265791,Patrícia Wottrich Parenti
314719,Ângela Maria Machado de Lima Hutchison
1846019,Rosemeire Sartori de Albuquerque
6658321,Samila Sathler Tavares Batistoni
571262,Celia Regina Maganha e Melo
984245,Lucia Cristina Florentino Pereira da Silva
52624,Maria Aparecida de Jesus Belli
1327135,Nadia Zanon Narchi
3265791,Patrícia Wottrich Parenti
556504,Andrea Lopes
655501,Andrea Viude Castanho
1846019,Rosemeire Sartori de Albuquerque
3248899,Adriana Caroci Becker
595151,Angela Megumi Ochiai
5359483,Bianca Alves de Oliveira Zorzam
5614629,Christiane Borges do Nascimento Chofakian
5869926,Glauce Cristine Ferreira Soares
7131594,Jéssica Urtado da Silva
3600443,Joyce da Costa Silveira de Camargo
5042952,Marlise de Oliveira Pimentel Lima
2507882,Natalucia Matos Araújo de Carvalho
5614661,Nayara Girardi Baraldi
2343664,Roselane Gonçalves
5976982,Deusivania Vieira da Silva Falcão
1554146,Mônica Sanches Yassuda
1846019,Rosemeire Sartori de Albuquerque
3248899,Adriana Caroci Becker
595151,Angela Megumi Ochiai
5359483,Bianca Alves de Oliveira Zorzam
5614629,Christiane Borges do Nascimento Chofakian
5869926,Glauce Cristine Ferreira Soares
7131594,Jéssica Urtado da Silva
3600443,Joyce da Costa Silveira de Camargo
5042952,Marlise de Oliveira Pimentel Lima
2507882,Natalucia Matos Araújo de Carvalho
2343664,Roselane Gonçalves
2160326,Rosa Yuka Sato Chubaci
6092342,Ruth Caldeira de Melo
574881,Ana Paula Curi
161192,Beatriz Aparecida Ozello Gutierrez
161192,Beatriz Aparecida Ozello Gutierrez
7480016,Bibiana Graeff Chagas Pinto
5976982,Deusivania Vieira da Silva Falcão
2319983,Maria Luisa Trindade Bestetti
1447122,Marisa Accioly Rodrigues da Costa Domingues
2160326,Rosa Yuka Sato Chubaci
6092342,Ruth Caldeira de Melo
5729116,Tânia Araújo Viel
161192,Beatriz Aparecida Ozello Gutierrez
7480016,Bibiana Graeff Chagas Pinto
5976982,Deusivania Vieira da Silva Falcão
2319983,Maria Luisa Trindade Bestetti
1447122,Marisa Accioly Rodrigues da Costa Domingues
2160326,Rosa Yuka Sato Chubaci
6092342,Ruth Caldeira de Melo
5729116,Tânia Araújo Viel
8475697,Elaine Cristina Borges
1090723,Júlia Baruque Ramos
2144321,Douglas Roque Andrade
2364827,Mariana Harumi Cruz Tsukamoto
2320046,Marilia Velardi
2144321,Douglas Roque Andrade
2364827,Mariana Harumi Cruz Tsukamoto
2320046,Marilia Velardi
2144321,Douglas Roque Andrade
2364827,Mariana Harumi Cruz Tsukamoto
2320046,Marilia Velardi
2144321,Douglas Roque Andrade
2364827,Mariana Harumi Cruz Tsukamoto
2320046,Marilia Velardi
3372766,Michele Schultz Ramos
5530115,George Bedinelli Rossi
5530115,George Bedinelli Rossi
643522,Delhi Teresa Paiva Salinas
643522,Delhi Teresa Paiva Salinas
479262,Agnaldo Valentin
500432,Alexandre Ribeiro Leichsenring
3031417,André Gal Mountian
500432,Alexandre Ribeiro Leichsenring
691878,Jane Aparecida Marques
2065862,Sandra Lucia Amaral de Assis Reimão
2166145,Antonio Takao Kanamaru
2166145,Antonio Takao Kanamaru
14660271,Adriana Schneider Dallolio
196611,Adriana Pedrosa Biscaia Tufaile
2341766,Carlos Molina Mendes
3079866,Gladys Beatriz Barreyro
6743581,Ursula Dias Peres
1538291,Marcos Ryotaro Hara
889774,Luis Mochizuki
2181970,Ulysses Fernandes Ervilha
2341766,Carlos Molina Mendes
2373511,Rogério Monteiro de Siqueira
1916087,Thomás Augusto Santoro Haddad
4880153,Verónica Marcela Guridi
2341766,Carlos Molina Mendes
2373511,Rogério Monteiro de Siqueira
1916087,Thomás Augusto Santoro Haddad
4880153,Verónica Marcela Guridi
2341766,Carlos Molina Mendes
2373511,Rogério Monteiro de Siqueira
1916087,Thomás Augusto Santoro Haddad
4880153,Verónica Marcela Guridi
2341766,Carlos Molina Mendes
2373511,Rogério Monteiro de Siqueira
1916087,Thomás Augusto Santoro Haddad
4880153,Verónica Marcela Guridi
2341766,Carlos Molina Mendes
2373511,Rogério Monteiro de Siqueira
1916087,Thomás Augusto Santoro Haddad
4880153,Verónica Marcela Guridi
2341766,Carlos Molina Mendes
2373511,Rogério Monteiro de Siqueira
1916087,Thomás Augusto Santoro Haddad
4880153,Verónica Marcela Guridi
597730,Cassio de Miranda Meira Junior
4881727,Flávio de Oliveira Pires
1791624,Reury Frank Pereira Bacurau
4881727,Flávio de Oliveira Pires
1791624,Reury Frank Pereira Bacurau
1447122,Marisa Accioly Rodrigues da Costa Domingues
5729116,Tânia Araújo Viel
5528582,Leonardo Dias Meireles
2527616,Regina Maura de Miranda
1823410,Sérgio Almeida Pacca
6600021,Sonia Regina Paulino
5528582,Leonardo Dias Meireles
2527616,Regina Maura de Miranda
1823410,Sérgio Almeida Pacca
6600021,Sonia Regina Paulino
5528582,Leonardo Dias Meireles
2527616,Regina Maura de Miranda
1823410,Sérgio Almeida Pacca
6600021,Sonia Regina Paulino
5528582,Leonardo Dias Meireles
2527616,Regina Maura de Miranda
1823410,Sérgio Almeida Pacca
6600021,Sonia Regina Paulino
5528582,Leonardo Dias Meireles
2527616,Regina Maura de Miranda
1823410,Sérgio Almeida Pacca
6600021,Sonia Regina Paulino
5528582,Leonardo Dias Meireles
2527616,Regina Maura de Miranda
1823410,Sérgio Almeida Pacca
6600021,Sonia Regina Paulino
2546570,Alex Antonio Florindo
3082508,Helton Hideraldo Biscaro
767569,João Luiz Bernardes Junior
3082508,Helton Hideraldo Biscaro
767569,João Luiz Bernardes Junior
3082508,Helton Hideraldo Biscaro
767569,João Luiz Bernardes Junior
3082508,Helton Hideraldo Biscaro
767569,João Luiz Bernardes Junior
3082508,Helton Hideraldo Biscaro
767569,João Luiz Bernardes Junior
3082508,Helton Hideraldo Biscaro
767569,João Luiz Bernardes Junior
5033416,Claudia Regina Garcia Vicentini
7779008,Francisca Dantas Mendes
4845494,Mauricio de Campos Araujo
5780146,Regina Aparecida Sanches
5033416,Claudia Regina Garcia Vicentini
7779008,Francisca Dantas Mendes
4845494,Mauricio de Campos Araujo
5780146,Regina Aparecida Sanches
5033416,Claudia Regina Garcia Vicentini
7779008,Francisca Dantas Mendes
4845494,Mauricio de Campos Araujo
5780146,Regina Aparecida Sanches
5033416,Claudia Regina Garcia Vicentini
7779008,Francisca Dantas Mendes
4845494,Mauricio de Campos Araujo
5780146,Regina Aparecida Sanches
5033416,Claudia Regina Garcia Vicentini
7779008,Francisca Dantas Mendes
4845494,Mauricio de Campos Araujo
5780146,Regina Aparecida Sanches
5033416,Claudia Regina Garcia Vicentini
7779008,Francisca Dantas Mendes
4845494,Mauricio de Campos Araujo
5780146,Regina Aparecida Sanches
1208111,Patricia Junqueira Grandino
1208111,Patricia Junqueira Grandino
4966179,Juliana Pedreschi Rodrigues
161192,Beatriz Aparecida Ozello Gutierrez
161192,Beatriz Aparecida Ozello Gutierrez
131031,Edemilson Antunes de Campos
878351,Gislene Aparecida dos Santos
1452862,Pablo Ortellado
2109999,Fabio Lotti Oliva
260258,Carlos Henrique Barbosa Gonçalves
2373511,Rogério Monteiro de Siqueira
1916087,Thomás Augusto Santoro Haddad
3755807,Stephane Remy Georges Malysse
5347246,Fernando Jesús Carbayo Baz
889774,Luis Mochizuki
6631565,Carlos Alcides Salles
5347246,Fernando Jesús Carbayo Baz
2872716,Diego Antonio Falceta Gonçalves
1738717,Roberto Pereira Ortiz
799735,Luiz Paulo Moura Andrioli
3164916,Tiago Mauricio Francoy
2566012,Isabel Cristina Italiano
6702491,Caroline Ribeiro de Borja Oliveira
5729116,Tânia Araújo Viel
6702491,Caroline Ribeiro de Borja Oliveira
6956592,Ana Carla Bliacheriene
3733052,Ester Gammardella Rizzi
2937197,Luiz Gustavo Bambini de Assis
5607659,Marcelo Arno Nerling
2341766,Carlos Molina Mendes
2872716,Diego Antonio Falceta Gonçalves
1090723,Júlia Baruque Ramos
8475697,Elaine Cristina Borges
72112,Joao Muccillo Netto
1090723,Júlia Baruque Ramos
2341766,Carlos Molina Mendes
2872716,Diego Antonio Falceta Gonçalves
969387,Káthia Maria Honorio
4779987,Ivana Brito
4881727,Flávio de Oliveira Pires
1791624,Reury Frank Pereira Bacurau
1161555,Francisco Luciano Pontes Junior
4983370,Viviane Abreu Nunes Cerqueira Dantas
4983370,Viviane Abreu Nunes Cerqueira Dantas
1034560,Lucy Gomes Sant Anna
2050208,Rosely Aparecida Liguori Imbernon
479262,Agnaldo Valentin
3031417,André Gal Mountian
1887012,Wagner Pralon Mancuso
479262,Agnaldo Valentin
3031417,André Gal Mountian
1887012,Wagner Pralon Mancuso
1987427,Wagner Tadeu Iglecias
309946,Cecilia Olivieri
494026,Cristiane Kerches da Silva Leite
2949346,Renata Mirandola Bichir
1987427,Wagner Tadeu Iglecias
5729116,Tânia Araújo Viel
3047582,Andrea Cavicchioli
3021642,Felipe Santiago Chambergo Alcalde
2355031,Rodrigo Hirata Willemart
2872716,Diego Antonio Falceta Gonçalves
6630800,Eutimio Gustavo Fernández Núñez
7029901,Grzegorz Kowal
5729116,Tânia Araújo Viel
4983370,Viviane Abreu Nunes Cerqueira Dantas
618281,Antonio Calixto de Souza Filho
2373511,Rogério Monteiro de Siqueira
1780347,Rosana Retsos Signorelli Vargas
2160326,Rosa Yuka Sato Chubaci
1523412,Maristela Belletti Mutt Urasaki
1523412,Maristela Belletti Mutt Urasaki
1391402,Mario Pedrazzoli Neto
3372766,Michele Schultz Ramos
1032901,Fabiana de Sant'Anna Evangelista
1032901,Fabiana de Sant'Anna Evangelista
3021642,Felipe Santiago Chambergo Alcalde
4881727,Flávio de Oliveira Pires
1032901,Fabiana de Sant'Anna Evangelista
3021642,Felipe Santiago Chambergo Alcalde
4881727,Flávio de Oliveira Pires
75706,Luiz Silveira Menna Barreto
1391402,Mario Pedrazzoli Neto
5729116,Tânia Araújo Viel
5729116,Tânia Araújo Viel
2341105,Anna Karenina Azevedo Martins
4779987,Ivana Brito
4779987,Ivana Brito
2341105,Anna Karenina Azevedo Martins
7317228,Claudia Medeiros de Castro
1032901,Fabiana de Sant'Anna Evangelista
3021642,Felipe Santiago Chambergo Alcalde
75706,Luiz Silveira Menna Barreto
1391402,Mario Pedrazzoli Neto
3372766,Michele Schultz Ramos
5729116,Tânia Araújo Viel
4983370,Viviane Abreu Nunes Cerqueira Dantas
2341105,Anna Karenina Azevedo Martins
1032901,Fabiana de Sant'Anna Evangelista
3021642,Felipe Santiago Chambergo Alcalde
75706,Luiz Silveira Menna Barreto
1391402,Mario Pedrazzoli Neto
3372766,Michele Schultz Ramos
5729116,Tânia Araújo Viel
4983370,Viviane Abreu Nunes Cerqueira Dantas
627660,Alexandre Toshiro Igari
918601,Luiz Carlos Beduschi Filho
5567742,Silvia Helena Zanirato
691878,Jane Aparecida Marques
2065862,Sandra Lucia Amaral de Assis Reimão
691878,Jane Aparecida Marques
2065862,Sandra Lucia Amaral de Assis Reimão
1409522,Maria Elena Infante Malachias
1606310,Paulo Rogério Miranda Correia
2546570,Alex Antonio Florindo
161192,Beatriz Aparecida Ozello Gutierrez
7779008,Francisca Dantas Mendes
236942,Andrea Leite Rodrigues
217892,Eduardo Sanovicz
1080534,Homero Fonseca Filho
691878,Jane Aparecida Marques
2065862,Sandra Lucia Amaral de Assis Reimão
196611,Adriana Pedrosa Biscaia Tufaile
2872716,Diego Antonio Falceta Gonçalves
2527616,Regina Maura de Miranda
4975610,Marcos Roberto Luppe
6618816,Marcelo Fantinato
1364328,Marcelo Morandini
1794311,Reinaldo Tadeu Boscolo Pacheco
2191255,Ricardo Ricci Uvinha
2191255,Ricardo Ricci Uvinha
5329829,Antonio Carlos Sarti
1638692,Marcelo Saldanha Aoki
3785714,Alexandre Panosso Netto
5329829,Antonio Carlos Sarti
3785714,Alexandre Panosso Netto
4811304,Marco Antonio Bettine de Almeida
4811304,Marco Antonio Bettine de Almeida
4811304,Marco Antonio Bettine de Almeida
1638692,Marcelo Saldanha Aoki
5997291,Elizabete Franco Cruz
799735,Luiz Paulo Moura Andrioli
3164916,Tiago Mauricio Francoy
799735,Luiz Paulo Moura Andrioli
3164916,Tiago Mauricio Francoy
799735,Luiz Paulo Moura Andrioli
3164916,Tiago Mauricio Francoy
1753771,Sidnei Raimundo
12013751,Thiago Pereira dos Santos
5268620,Meire Cachioni
5268620,Meire Cachioni
2564153,Neli Aparecida de Mello Théry
1112111,Jaime Crozatti
314719,Ângela Maria Machado de Lima Hutchison
3551651,Elias Frederico
998313,Josmar Andrade
1112111,Jaime Crozatti
5104676,Otávio Bandeira de Lamônica Freire
2872716,Diego Antonio Falceta Gonçalves
2184420,Luciane Meneguin Ortega Vidal
908979,José Glimovaldo Lupoli Junior
806433,Francisco Javier Sebastian Mendizabal Alvarez
5607659,Marcelo Arno Nerling
161192,Beatriz Aparecida Ozello Gutierrez
15235261,Giovana Bueno
1030750,Jose Renato de Campos Araujo
1987427,Wagner Tadeu Iglecias
5530115,George Bedinelli Rossi
6618816,Marcelo Fantinato
885940,Jose Carlos Vaz
1329307,Martin Jayo
1882514,Sylmara Lopes Francelino Gonçalves Dias
806433,Francisco Javier Sebastian Mendizabal Alvarez
3551651,Elias Frederico
2122448,Edmir Parada Vasques Prado
6618816,Marcelo Fantinato
2319983,Maria Luisa Trindade Bestetti
2319983,Maria Luisa Trindade Bestetti
3223582,Ana Paula Fracalanza
1252362,Paulo Antonio de Almeida Sinisgalli
191432,Eduardo de Lima Caldas
1051844,Fernando de Souza Coelho
11698862,Mariana Bueno de Andrade Matos
806433,Francisco Javier Sebastian Mendizabal Alvarez
4975610,Marcos Roberto Luppe
806433,Francisco Javier Sebastian Mendizabal Alvarez
62897,João Paulo Pereira Marcicano
2144321,Douglas Roque Andrade
2122448,Edmir Parada Vasques Prado
2168766,Carlos de Brito Pereira
15235261,Giovana Bueno
2051936,Sergio Feliciano Crispim
6743581,Ursula Dias Peres
908979,José Glimovaldo Lupoli Junior
5333863,Patrícia Maria Emerenciano de Mendonça
327512,Ednilson Viana
2364827,Mariana Harumi Cruz Tsukamoto
1031059,Fernando Herren Fernandes Aguillar
2122448,Edmir Parada Vasques Prado
191432,Eduardo de Lima Caldas
885940,Jose Carlos Vaz
5333863,Patrícia Maria Emerenciano de Mendonça
980651,Jorge Alberto Silva Machado Villanueva
885940,Jose Carlos Vaz
2319983,Maria Luisa Trindade Bestetti
465955,Dária Gorete Jaremtchuk
723639,Luiz Gonzaga Godoi Trigo
1152930,Fausto Roberto Poço Viana
1661344,Wânia Duleba
465955,Dária Gorete Jaremtchuk
465955,Dária Gorete Jaremtchuk
260258,Carlos Henrique Barbosa Gonçalves
2373511,Rogério Monteiro de Siqueira
1916087,Thomás Augusto Santoro Haddad
1661344,Wânia Duleba
2190254,Roselene Crepaldi
2945554,Glauber Eduardo de Oliveira Santos
3021642,Felipe Santiago Chambergo Alcalde
4969210,Rogério Mugnaini
574881,Ana Paula Curi
3397833,Marcelo Ventura Freire
1771910,Sumaia Abdel Latif
1080534,Homero Fonseca Filho
15235261,Giovana Bueno
6694913,Suzana Helena de Avelar Gomes
7342471,Clodoaldo Aparecido de Moraes Lima
4812010,Karina Valdivia Delgado
5978942,Sarajane Marques Peres
5856870,Edmur Antonio Stoppa
1600874,Mariana Aldrigui Carvalho
1284483,Marcelo Vilela de Almeida
2225540,Silvia Regina Dowgan Tesseroli de Siqueira
2122448,Edmir Parada Vasques Prado
2184420,Luciane Meneguin Ortega Vidal
2021414,Violeta Sun
2122448,Edmir Parada Vasques Prado
1048221,Fábio Nakano
2933241,Flávio Luiz Coutinho
5528582,Leonardo Dias Meireles
6630800,Eutimio Gustavo Fernández Núñez
3021642,Felipe Santiago Chambergo Alcalde
1538519,Patricia Targon Campana
3164916,Tiago Mauricio Francoy
643283,Camilo Rodrigues Neto
2159727,Esteban Fernandez Tuesta
5095110,José de Jesus Pérez Alcazár
1299170,Marcelo de Souza Lauretto
7029901,Grzegorz Kowal
1596950,Patrícia Rufino Oliveira
1152930,Fausto Roberto Poço Viana
479262,Agnaldo Valentin
3031417,André Gal Mountian
1119925,Flávia Mori Sarti
1252362,Paulo Antonio de Almeida Sinisgalli
87769,Ana Amélia Benedito Silva
643283,Camilo Rodrigues Neto
2159727,Esteban Fernandez Tuesta
1875968,Regis Rossi Alves Faria
314719,Ângela Maria Machado de Lima Hutchison
5830822,Alessandro Soares da Silva
1452862,Pablo Ortellado
1887012,Wagner Pralon Mancuso
1987427,Wagner Tadeu Iglecias
6206615,Beatriz Helena Fonseca Ferreira Pires
5033416,Claudia Regina Garcia Vicentini
1048221,Fábio Nakano
969387,Káthia Maria Honorio
1619061,Miriam Sannomiya
1606310,Paulo Rogério Miranda Correia
1779202,Renata Colombo
969387,Káthia Maria Honorio
1619061,Miriam Sannomiya
1606310,Paulo Rogério Miranda Correia
1779202,Renata Colombo
5830822,Alessandro Soares da Silva
980651,Jorge Alberto Silva Machado Villanueva
1329307,Martin Jayo
1887012,Wagner Pralon Mancuso
2166145,Antonio Takao Kanamaru
654070,Ariane Machado Lima
1299170,Marcelo de Souza Lauretto
3681080,Marcio Moretto Ribeiro
2341766,Carlos Molina Mendes
1538519,Patricia Targon Campana
2566012,Isabel Cristina Italiano
3068492,Gerardo Kuntschik
1409522,Maria Elena Infante Malachias
5523701,Ivandre Paraboni
3079866,Gladys Beatriz Barreyro
2168766,Carlos de Brito Pereira
2243307,Masayuki Oka Hase
1048221,Fábio Nakano
2566012,Isabel Cristina Italiano
62897,João Paulo Pereira Marcicano
3200072,Luciano Vieira de Araújo
1166251,José Ricardo Gonçalves de Mendonça
2243307,Masayuki Oka Hase
1401430,Madalena Pedroso Aulicino
4966179,Juliana Pedreschi Rodrigues
8475697,Elaine Cristina Borges
1110551,Lisete Barlach
196611,Adriana Pedrosa Biscaia Tufaile
106172,Alberto Tufaile
1603428,Miguel Angelo Hemzo
5737794,Alexandre da Silva Freire
2927672,Valdinei Freire da Silva
2162349,Fernando Auil
3073748,Gisele da Silva Craveiro
655501,Andrea Viude Castanho
1284483,Marcelo Vilela de Almeida
2191255,Ricardo Ricci Uvinha
4845650,Edegar Luís Tomazzoni
1753771,Sidnei Raimundo
969387,Káthia Maria Honorio
1619061,Miriam Sannomiya
1606310,Paulo Rogério Miranda Correia
1779202,Renata Colombo
969387,Káthia Maria Honorio
1619061,Miriam Sannomiya
1606310,Paulo Rogério Miranda Correia
1779202,Renata Colombo
91402,Angelica Chiappetta
3193721,Jefferson Agostini Mello
618281,Antonio Calixto de Souza Filho
2558886,Dib Karam Junior
885940,Jose Carlos Vaz
1329307,Martin Jayo
6000623,Silvio Yoshiro Mizuguchi Miyazaki
1558501,Marislei Nishijima
3031417,André Gal Mountian
1119925,Flávia Mori Sarti
5780146,Regina Aparecida Sanches
5780146,Regina Aparecida Sanches
1606310,Paulo Rogério Miranda Correia
6630800,Eutimio Gustavo Fernández Núñez
5729116,Tânia Araújo Viel
5530115,George Bedinelli Rossi
1603428,Miguel Angelo Hemzo
2051936,Sergio Feliciano Crispim
1773206,Tania Pereira Christopoulos
5530115,George Bedinelli Rossi
998313,Josmar Andrade
2051936,Sergio Feliciano Crispim
998313,Josmar Andrade
1603428,Miguel Angelo Hemzo
6631565,Carlos Alcides Salles
2168766,Carlos de Brito Pereira
500071,Andrea Lucchesi
500071,Andrea Lucchesi
618281,Antonio Calixto de Souza Filho
260258,Carlos Henrique Barbosa Gonçalves
2373511,Rogério Monteiro de Siqueira
1780347,Rosana Retsos Signorelli Vargas
1166251,José Ricardo Gonçalves de Mendonça
5801399,Karla Roberta Pereira Sampaio Lima
2243307,Masayuki Oka Hase
8475697,Elaine Cristina Borges
284582,Dominique Mouette
1015332,Flávia Noronha Dutra Ribeiro
1619061,Miriam Sannomiya
3082508,Helton Hideraldo Biscaro
1166251,José Ricardo Gonçalves de Mendonça
2243307,Masayuki Oka Hase
106172,Alberto Tufaile
2341766,Carlos Molina Mendes
978554,José Ribamar dos Santos Ferreira Júnior
4881727,Flávio de Oliveira Pires
1791624,Reury Frank Pereira Bacurau
1600874,Mariana Aldrigui Carvalho
1914262,Renato Braz Oliveira de Seixas
5830822,Alessandro Soares da Silva
1329307,Martin Jayo
479262,Agnaldo Valentin
5830822,Alessandro Soares da Silva
500432,Alexandre Ribeiro Leichsenring
6956592,Ana Carla Bliacheriene
3031417,André Gal Mountian
309946,Cecilia Olivieri
494026,Cristiane Kerches da Silva Leite
472709,David Diniz Dantas
191432,Eduardo de Lima Caldas
3733052,Ester Gammardella Rizzi
5872419,Felipe Gonçalves Brasil
1051844,Fernando de Souza Coelho
1119925,Flávia Mori Sarti
878351,Gislene Aparecida dos Santos
5362699,Heber Silveira Rocha
1112111,Jaime Crozatti
980651,Jorge Alberto Silva Machado Villanueva
885940,Jose Carlos Vaz
5607659,Marcelo Arno Nerling
1329307,Martin Jayo
1452862,Pablo Ortellado
5333863,Patrícia Maria Emerenciano de Mendonça
2949346,Renata Mirandola Bichir
1882514,Sylmara Lopes Francelino Gonçalves Dias
6743581,Ursula Dias Peres
1948868,Vivian Grace Fernandez Davila Urquidi
1887012,Wagner Pralon Mancuso
1987427,Wagner Tadeu Iglecias
3410177,Vanessa Martins Valente Guimarães
1747892,Valéria Barbosa de Magalhães
463504,Celi Rodrigues Chaves Dominguez
5981856,Valéria Cazetta
4880153,Verónica Marcela Guridi
463504,Celi Rodrigues Chaves Dominguez
5981856,Valéria Cazetta
4880153,Verónica Marcela Guridi
1447122,Marisa Accioly Rodrigues da Costa Domingues
1554146,Mônica Sanches Yassuda
1447122,Marisa Accioly Rodrigues da Costa Domingues
1554146,Mônica Sanches Yassuda
479262,Agnaldo Valentin
500432,Alexandre Ribeiro Leichsenring
1329307,Martin Jayo
2949346,Renata Mirandola Bichir
2949346,Renata Mirandola Bichir
1538519,Patricia Targon Campana
5801399,Karla Roberta Pereira Sampaio Lima
3410177,Vanessa Martins Valente Guimarães
87769,Ana Amélia Benedito Silva
643283,Camilo Rodrigues Neto
2159727,Esteban Fernandez Tuesta
1875968,Regis Rossi Alves Faria
500432,Alexandre Ribeiro Leichsenring
6000623,Silvio Yoshiro Mizuguchi Miyazaki
3021642,Felipe Santiago Chambergo Alcalde
6000623,Silvio Yoshiro Mizuguchi Miyazaki
1119925,Flávia Mori Sarti
1558501,Marislei Nishijima
3031417,André Gal Mountian
1119925,Flávia Mori Sarti
1030750,Jose Renato de Campos Araujo
5978942,Sarajane Marques Peres
7029901,Grzegorz Kowal
1596950,Patrícia Rufino Oliveira
6092342,Ruth Caldeira de Melo
3276960,Thiago Allis
6206615,Beatriz Helena Fonseca Ferreira Pires
6694913,Suzana Helena de Avelar Gomes
2799197,Giselle Gubernikoff
556504,Andrea Lopes
2799197,Giselle Gubernikoff
3755807,Stephane Remy Georges Malysse
1015332,Flávia Noronha Dutra Ribeiro
1015332,Flávia Noronha Dutra Ribeiro
643283,Camilo Rodrigues Neto
981972,Fernando Fagundes Ferreira
924734,Luis Americo Conti
2566012,Isabel Cristina Italiano
2566012,Isabel Cristina Italiano
618281,Antonio Calixto de Souza Filho
260258,Carlos Henrique Barbosa Gonçalves
1780347,Rosana Retsos Signorelli Vargas
5872419,Felipe Gonçalves Brasil
1771910,Sumaia Abdel Latif
1773206,Tania Pereira Christopoulos
5863937,André Felipe Simões
980651,Jorge Alberto Silva Machado Villanueva
3011731,Diosnio Machado Neto
1080534,Homero Fonseca Filho
1773206,Tania Pereira Christopoulos
5729116,Tânia Araújo Viel
2341105,Anna Karenina Azevedo Martins
4983370,Viviane Abreu Nunes Cerqueira Dantas
655501,Andrea Viude Castanho
1891410,Sandra Maria Lima Ribeiro
1817354,Régia Cristina Oliveira
2160326,Rosa Yuka Sato Chubaci
564671,Adriano Schwartz
564671,Adriano Schwartz
463504,Celi Rodrigues Chaves Dominguez
7529173,Marcio Henrique da Costa Gurgel
5856870,Edmur Antonio Stoppa
479262,Agnaldo Valentin
3031417,André Gal Mountian
191432,Eduardo de Lima Caldas
1329307,Martin Jayo
1112111,Jaime Crozatti
6743581,Ursula Dias Peres
7342471,Clodoaldo Aparecido de Moraes Lima
1048221,Fábio Nakano
3073748,Gisele da Silva Craveiro
767569,João Luiz Bernardes Junior
2927672,Valdinei Freire da Silva
7342471,Clodoaldo Aparecido de Moraes Lima
1048221,Fábio Nakano
3073748,Gisele da Silva Craveiro
767569,João Luiz Bernardes Junior
2927672,Valdinei Freire da Silva
2800823,Silvana Aparecida Pires de Godoy
799735,Luiz Paulo Moura Andrioli
3164916,Tiago Mauricio Francoy
1882514,Sylmara Lopes Francelino Gonçalves Dias
1031059,Fernando Herren Fernandes Aguillar
463504,Celi Rodrigues Chaves Dominguez
1409522,Maria Elena Infante Malachias
5981856,Valéria Cazetta
4880153,Verónica Marcela Guridi
463504,Celi Rodrigues Chaves Dominguez
1409522,Maria Elena Infante Malachias
5981856,Valéria Cazetta
4880153,Verónica Marcela Guridi
463504,Celi Rodrigues Chaves Dominguez
1409522,Maria Elena Infante Malachias
5981856,Valéria Cazetta
4880153,Verónica Marcela Guridi
2341766,Carlos Molina Mendes
2872716,Diego Antonio Falceta Gonçalves
1738717,Roberto Pereira Ortiz
1987427,Wagner Tadeu Iglecias
2340063,Helene Mariko Ueno
5567742,Silvia Helena Zanirato
999609,Jose Mauro da Costa Hernandez
5530115,George Bedinelli Rossi
999609,Jose Mauro da Costa Hernandez
1754921,Rosane Rivera Torres
1110551,Lisete Barlach
2168766,Carlos de Brito Pereira
2340063,Helene Mariko Ueno
131031,Edemilson Antunes de Campos
1817354,Régia Cristina Oliveira
3397833,Marcelo Ventura Freire
1771910,Sumaia Abdel Latif
908979,José Glimovaldo Lupoli Junior
3071663,Evandro Mateus Moretto
2558886,Dib Karam Junior
1401430,Madalena Pedroso Aulicino
1051844,Fernando de Souza Coelho
885940,Jose Carlos Vaz
1882514,Sylmara Lopes Francelino Gonçalves Dias
2558886,Dib Karam Junior
6956592,Ana Carla Bliacheriene
3733052,Ester Gammardella Rizzi
2937197,Luiz Gustavo Bambini de Assis
5607659,Marcelo Arno Nerling
6956592,Ana Carla Bliacheriene
472709,David Diniz Dantas
3733052,Ester Gammardella Rizzi
5607659,Marcelo Arno Nerling
1987427,Wagner Tadeu Iglecias
191432,Eduardo de Lima Caldas
5329829,Antonio Carlos Sarti
91402,Angelica Chiappetta
918601,Luiz Carlos Beduschi Filho
5347458,Cristiano Luis Lenzi
6000623,Silvio Yoshiro Mizuguchi Miyazaki
1030750,Jose Renato de Campos Araujo
1051844,Fernando de Souza Coelho
1452862,Pablo Ortellado
1447122,Marisa Accioly Rodrigues da Costa Domingues
5765142,André Fontan Kohler
3079866,Gladys Beatriz Barreyro
3079866,Gladys Beatriz Barreyro
5607659,Marcelo Arno Nerling
1030750,Jose Renato de Campos Araujo
191432,Eduardo de Lima Caldas
1329307,Martin Jayo
7317228,Claudia Medeiros de Castro
2796301,Jacqueline Isaac Machado Brigagão
1119925,Flávia Mori Sarti
1503333,Marcelo Afonso Ribeiro
878351,Gislene Aparecida dos Santos
309946,Cecilia Olivieri
494026,Cristiane Kerches da Silva Leite
1887012,Wagner Pralon Mancuso
3079866,Gladys Beatriz Barreyro
1948868,Vivian Grace Fernandez Davila Urquidi
2527616,Regina Maura de Miranda
1451426,Marcelo Antunes Nolasco
327512,Ednilson Viana
889774,Luis Mochizuki
6658321,Samila Sathler Tavares Batistoni
308517,Cristina Landgraf Lee
3396220,Alessandro Hervaldo Nicolai Ré
889774,Luis Mochizuki
556504,Andrea Lopes
6658321,Samila Sathler Tavares Batistoni
5614629,Christiane Borges do Nascimento Chofakian
1846019,Rosemeire Sartori de Albuquerque
3372766,Michele Schultz Ramos
1882514,Sylmara Lopes Francelino Gonçalves Dias
1554146,Mônica Sanches Yassuda
6092342,Ruth Caldeira de Melo
799735,Luiz Paulo Moura Andrioli
3164916,Tiago Mauricio Francoy
1754921,Rosane Rivera Torres
1771910,Sumaia Abdel Latif
618281,Antonio Calixto de Souza Filho
1780347,Rosana Retsos Signorelli Vargas
6702491,Caroline Ribeiro de Borja Oliveira
3068492,Gerardo Kuntschik
5033416,Claudia Regina Garcia Vicentini
6206615,Beatriz Helena Fonseca Ferreira Pires
62897,João Paulo Pereira Marcicano
62897,João Paulo Pereira Marcicano
4845494,Mauricio de Campos Araujo
5347191,Silgia Aparecida da Costa
3416847,Humberto Miguel Garay Malpartida
978554,José Ribamar dos Santos Ferreira Júnior
2225540,Silvia Regina Dowgan Tesseroli de Siqueira
3416847,Humberto Miguel Garay Malpartida
978554,José Ribamar dos Santos Ferreira Júnior
2225540,Silvia Regina Dowgan Tesseroli de Siqueira
3416847,Humberto Miguel Garay Malpartida
978554,José Ribamar dos Santos Ferreira Júnior
2225540,Silvia Regina Dowgan Tesseroli de Siqueira
6658321,Samila Sathler Tavares Batistoni
7317228,Claudia Medeiros de Castro
5997291,Elizabete Franco Cruz
2796301,Jacqueline Isaac Machado Brigagão
3755807,Stephane Remy Georges Malysse
2799197,Giselle Gubernikoff
3396220,Alessandro Hervaldo Nicolai Ré
3396220,Alessandro Hervaldo Nicolai Ré
1049559,Linda Massako Ueno Pardi
1049559,Linda Massako Ueno Pardi
3396220,Alessandro Hervaldo Nicolai Ré
3396220,Alessandro Hervaldo Nicolai Ré
1049559,Linda Massako Ueno Pardi
1049559,Linda Massako Ueno Pardi
5090244,Carlos Bandeira de Mello Monteiro
5090244,Carlos Bandeira de Mello Monteiro
1791624,Reury Frank Pereira Bacurau
1638692,Marcelo Saldanha Aoki
6206615,Beatriz Helena Fonseca Ferreira Pires
6694913,Suzana Helena de Avelar Gomes
138953,Carla Morsello
643522,Delhi Teresa Paiva Salinas
2340063,Helene Mariko Ueno
2527616,Regina Maura de Miranda
138953,Carla Morsello
643522,Delhi Teresa Paiva Salinas
2340063,Helene Mariko Ueno
2527616,Regina Maura de Miranda
7779008,Francisca Dantas Mendes
479262,Agnaldo Valentin
5830822,Alessandro Soares da Silva
500432,Alexandre Ribeiro Leichsenring
6956592,Ana Carla Bliacheriene
3031417,André Gal Mountian
309946,Cecilia Olivieri
494026,Cristiane Kerches da Silva Leite
472709,David Diniz Dantas
191432,Eduardo de Lima Caldas
3733052,Ester Gammardella Rizzi
5872419,Felipe Gonçalves Brasil
1051844,Fernando de Souza Coelho
1119925,Flávia Mori Sarti
878351,Gislene Aparecida dos Santos
5362699,Heber Silveira Rocha
1112111,Jaime Crozatti
980651,Jorge Alberto Silva Machado Villanueva
885940,Jose Carlos Vaz
5607659,Marcelo Arno Nerling
1329307,Martin Jayo
1452862,Pablo Ortellado
5333863,Patrícia Maria Emerenciano de Mendonça
2949346,Renata Mirandola Bichir
1882514,Sylmara Lopes Francelino Gonçalves Dias
6743581,Ursula Dias Peres
1948868,Vivian Grace Fernandez Davila Urquidi
1887012,Wagner Pralon Mancuso
1987427,Wagner Tadeu Iglecias
6618816,Marcelo Fantinato
654070,Ariane Machado Lima
5523701,Ivandre Paraboni
3200072,Luciano Vieira de Araújo
654070,Ariane Machado Lima
5523701,Ivandre Paraboni
3200072,Luciano Vieira de Araújo
3021642,Felipe Santiago Chambergo Alcalde
4983370,Viviane Abreu Nunes Cerqueira Dantas
3164916,Tiago Mauricio Francoy
5268620,Meire Cachioni
2191255,Ricardo Ricci Uvinha
2546570,Alex Antonio Florindo
2144321,Douglas Roque Andrade
2320046,Marilia Velardi
2796301,Jacqueline Isaac Machado Brigagão
5976982,Deusivania Vieira da Silva Falcão
1110551,Lisete Barlach
1645572,Maria Eliza Mattosinho Bernardes
308517,Cristina Landgraf Lee
5830822,Alessandro Soares da Silva
1069242,Graziela Serroni Perosa
1645572,Maria Eliza Mattosinho Bernardes
3445732,Ivan Ramos Estevão
1208111,Patricia Junqueira Grandino
420392,Ana Laura Godinho Lima
1069242,Graziela Serroni Perosa
2122448,Edmir Parada Vasques Prado
574881,Ana Paula Curi
3047582,Andrea Cavicchioli
1779202,Renata Colombo
3047582,Andrea Cavicchioli
1606310,Paulo Rogério Miranda Correia
1779202,Renata Colombo
1619061,Miriam Sannomiya
969387,Káthia Maria Honorio
1606310,Paulo Rogério Miranda Correia
969387,Káthia Maria Honorio
1619061,Miriam Sannomiya
1619061,Miriam Sannomiya
878351,Gislene Aparecida dos Santos
5090244,Carlos Bandeira de Mello Monteiro
889774,Luis Mochizuki
5765142,André Fontan Kohler
5863937,André Felipe Simões
924734,Luis Americo Conti
188601,Cíntia Borges Margi
767569,João Luiz Bernardes Junior
4845650,Edegar Luís Tomazzoni
1794311,Reinaldo Tadeu Boscolo Pacheco
309946,Cecilia Olivieri
400160,Diamantino Alves Correia Pereira
5830822,Alessandro Soares da Silva
131031,Edemilson Antunes de Campos
5997291,Elizabete Franco Cruz
2796301,Jacqueline Isaac Machado Brigagão
3416847,Humberto Miguel Garay Malpartida
3416847,Humberto Miguel Garay Malpartida
3223582,Ana Paula Fracalanza
138953,Carla Morsello
358969,Cristina Adams
400160,Diamantino Alves Correia Pereira
284582,Dominique Mouette
3068492,Gerardo Kuntschik
1080534,Homero Fonseca Filho
1451426,Marcelo Antunes Nolasco
1597012,Marcos Bernardino de Carvalho
1252362,Paulo Antonio de Almeida Sinisgalli
5998458,Paulo Santos de Almeida
2527616,Regina Maura de Miranda
1823410,Sérgio Almeida Pacca
5567742,Silvia Helena Zanirato
6600021,Sonia Regina Paulino
1882514,Sylmara Lopes Francelino Gonçalves Dias
3223582,Ana Paula Fracalanza
138953,Carla Morsello
358969,Cristina Adams
400160,Diamantino Alves Correia Pereira
284582,Dominique Mouette
3068492,Gerardo Kuntschik
1080534,Homero Fonseca Filho
1451426,Marcelo Antunes Nolasco
1597012,Marcos Bernardino de Carvalho
1252362,Paulo Antonio de Almeida Sinisgalli
5998458,Paulo Santos de Almeida
2527616,Regina Maura de Miranda
1823410,Sérgio Almeida Pacca
5567742,Silvia Helena Zanirato
6600021,Sonia Regina Paulino
1882514,Sylmara Lopes Francelino Gonçalves Dias
659627,Ana Claudia Scaglione Veiga de Castro
5765142,André Fontan Kohler
236942,Andrea Leite Rodrigues
1051844,Fernando de Souza Coelho
981972,Fernando Fagundes Ferreira
1080534,Homero Fonseca Filho
750074,Joana Mello de Carvalho e Silva
767569,João Luiz Bernardes Junior
3140792,Luciano Antonio Digiampietri
1364328,Marcelo Morandini
1753771,Sidnei Raimundo
2021414,Violeta Sun
659627,Ana Claudia Scaglione Veiga de Castro
5765142,André Fontan Kohler
236942,Andrea Leite Rodrigues
1051844,Fernando de Souza Coelho
981972,Fernando Fagundes Ferreira
1080534,Homero Fonseca Filho
750074,Joana Mello de Carvalho e Silva
767569,João Luiz Bernardes Junior
3140792,Luciano Antonio Digiampietri
1364328,Marcelo Morandini
1753771,Sidnei Raimundo
2021414,Violeta Sun
1451426,Marcelo Antunes Nolasco
5976982,Deusivania Vieira da Silva Falcão
1554146,Mônica Sanches Yassuda
3681080,Marcio Moretto Ribeiro
2355031,Rodrigo Hirata Willemart
1661344,Wânia Duleba
924734,Luis Americo Conti
1538291,Marcos Ryotaro Hara
3382378,Pedro Dias de Oliveira
1661344,Wânia Duleba
236991,Claudia Rosa Acevedo
1987427,Wagner Tadeu Iglecias
1112111,Jaime Crozatti
1329307,Martin Jayo
885940,Jose Carlos Vaz
5329829,Antonio Carlos Sarti
1794311,Reinaldo Tadeu Boscolo Pacheco
5329829,Antonio Carlos Sarti
1794311,Reinaldo Tadeu Boscolo Pacheco
1794311,Reinaldo Tadeu Boscolo Pacheco
5329829,Antonio Carlos Sarti
5830822,Alessandro Soares da Silva
6743581,Ursula Dias Peres
980651,Jorge Alberto Silva Machado Villanueva
3079866,Gladys Beatriz Barreyro
5830822,Alessandro Soares da Silva
4969210,Rogério Mugnaini
1030750,Jose Renato de Campos Araujo
1030750,Jose Renato de Campos Araujo
1987427,Wagner Tadeu Iglecias
3396220,Alessandro Hervaldo Nicolai Ré
2546570,Alex Antonio Florindo
5090244,Carlos Bandeira de Mello Monteiro
597730,Cassio de Miranda Meira Junior
308517,Cristina Landgraf Lee
2144321,Douglas Roque Andrade
1032901,Fabiana de Sant'Anna Evangelista
6261191,Fernando Henrique Magalhães
4881727,Flávio de Oliveira Pires
1049559,Linda Massako Ueno Pardi
889774,Luis Mochizuki
2342260,Marcelo Massa
1638692,Marcelo Saldanha Aoki
4811304,Marco Antonio Bettine de Almeida
2364827,Mariana Harumi Cruz Tsukamoto
2320046,Marilia Velardi
3372766,Michele Schultz Ramos
2181970,Ulysses Fernandes Ervilha
3396220,Alessandro Hervaldo Nicolai Ré
2546570,Alex Antonio Florindo
5090244,Carlos Bandeira de Mello Monteiro
597730,Cassio de Miranda Meira Junior
308517,Cristina Landgraf Lee
2144321,Douglas Roque Andrade
1032901,Fabiana de Sant'Anna Evangelista
6261191,Fernando Henrique Magalhães
4881727,Flávio de Oliveira Pires
1049559,Linda Massako Ueno Pardi
889774,Luis Mochizuki
2342260,Marcelo Massa
1638692,Marcelo Saldanha Aoki
4811304,Marco Antonio Bettine de Almeida
2364827,Mariana Harumi Cruz Tsukamoto
2320046,Marilia Velardi
3372766,Michele Schultz Ramos
2181970,Ulysses Fernandes Ervilha
556504,Andrea Lopes
6702491,Caroline Ribeiro de Borja Oliveira
5976982,Deusivania Vieira da Silva Falcão
5268620,Meire Cachioni
6658321,Samila Sathler Tavares Batistoni
3764294,Alexandre Ferreira Ramos
643283,Camilo Rodrigues Neto
1166251,José Ricardo Gonçalves de Mendonça
924734,Luis Americo Conti
2050208,Rosely Aparecida Liguori Imbernon
2009222,Victor Velazquez Fernandez
1661344,Wânia Duleba
924734,Luis Americo Conti
2050208,Rosely Aparecida Liguori Imbernon
2009222,Victor Velazquez Fernandez
1661344,Wânia Duleba
